股票代號,股票,淨買超,收盤價,漲跌%,成交量,當日,累計15日
2317,鴻海,"41,464","89,134",238.5,(5.3%),"149,156"
2887,台新新光金,"33,729","236,116",19.75,(1.8%),"81,779"
2337,旺宏,"32,003","31,422",29.4,(9.91%),"120,058"
1504,東元,"23,451","-2,222",119.5,(9.63%),"71,597"
8110,華東,"18,062","17,582",25.35,(9.98%),"69,479"
2481,強茂,"12,184","29,351",89.8,(9.91%),"27,974"
2303,聯電,"10,484","120,439",46.1,(0.77%),"32,974"
2344,華邦電,"9,752","129,002",46.35,(5.46%),"577,488"
2327,國巨*,"6,467","-37,944",196,(6.23%),"89,222"
2492,華新科,"5,754","-5,229",113.5,(9.66%),"39,540"
5328,華容,"5,023","4,159",19.25,(10%),"17,007"
8358,金居,"4,751","-10,009",220.5,(6.01%),"46,683"
2883,凱基金,"4,351","43,943",15.7,(-0.32%),"31,434"
8103,瀚荃,"4,060","10,694",75.4,(8.49%),"15,456"
2353,宏碁,"3,520","-26,028",31.35,(2.28%),"23,449"
6173,信昌電,"3,343","3,324",59.6,(9.96%),"37,154"
8021,尖點,"3,287","7,858",109.5,(9.61%),"12,935"
6274,台燿,"3,170","3,915",331,(3.44%),"10,850"
3163,波若威,"3,063",290,231,(10%),"14,514"
3711,日月光投控,"3,008","36,892",200,(2.04%),"24,330"
2356,英業達,"2,856","-18,540",45.1,(2.85%),"12,539"
2382,廣達,"2,796","40,931",296.5,(2.77%),"22,358"
2329,華泰,"2,681",865,49.05,(4.81%),"11,720"
6175,立敦,"2,671","2,698",44.75,(9.95%),"10,476"
2330,台積電,"2,564","-39,108",1480,(2.07%),"32,973"
2515,中工,"2,493","2,182",11.3,(1.35%),"6,090"
3013,晟銘電,"2,437","3,224",132,(6.88%),"23,915"
8043,蜜望實,"2,194","2,740",47.45,(9.97%),"11,730"
8926,台汽電,"2,092","9,339",50.1,(1.52%),"6,085"
1808,潤隆,"1,991","7,343",34.35,(3.31%),"8,070"
6127,九豪,"1,831",-591,29,(9.85%),"9,241"
3707,漢磊,"1,763",-265,60.9,(3.75%),"12,420"
2375,凱美,"1,759","2,254",95.2,(9.93%),"53,433"
2354,鴻準,"1,740","-30,903",68.7,(2.84%),"12,478"
5347,世界,"1,657","2,743",104,(4.84%),"8,276"
2845,遠東銀,"1,655","9,688",12.75,(0%),"8,843"
2316,楠梓電,"1,585","-1,566",97.8,(3.38%),"7,401"
6153,嘉聯益,"1,460","-1,971",15.25,(6.27%),"5,486"
2474,可成,"1,425","-2,364",196.5,(9.78%),"6,484"
2812,台中銀,"1,296","-19,407",22.4,(0.67%),"9,093"
8054,安國,"1,221","4,711",124,(4.2%),"12,385"
3264,欣銓,"1,157","-6,529",84.6,(3.93%),"7,008"
8111,立碁,"1,111","1,043",55.1,(2.04%),"6,522"
2363,矽統,969,"-4,077",56.8,(1.43%),"4,938"
4919,新唐,946,690,64,(3.06%),"3,008"
5483,中美晶,932,"6,613",125,(2.88%),"5,970"
6505,台塑化,915,"18,652",43.85,(0.23%),"4,922"
3305,昇貿,894,"-9,536",97.5,(-2.11%),"7,307"
3026,禾伸堂,874,"4,610",115.5,(10%),"11,624"
9904,寶成,842,144,29.2,(0.17%),"8,848"
2421,建準,805,-547,136.5,(0.74%),"3,865"
3081,聯亞,790,"-1,863",437.5,(9.92%),"4,676"
2392,正崴,787,"-3,318",48.95,(2.3%),"3,152"
8261,富鼎,735,"1,622",96.3,(3.66%),"2,437"
2208,台船,707,"-7,376",21.2,(-2.53%),"8,619"
2472,立隆電,687,"1,491",93.8,(5.63%),"13,713"
6182,合晶,597,"-2,996",32.55,(5.34%),"19,112"
1609,大亞,576,"12,471",42.45,(0.47%),"5,662"
2409,友達,568,"-54,253",13.25,(0.38%),"30,126"
2449,京元電子,563,"29,453",178,(1.71%),"16,526"
1608,華榮,548,"4,046",31.1,(2.81%),"3,322"
2401,凌陽,547,"1,183",23,(1.55%),"2,077"
6442,光聖,545,"-1,912",857,(8.07%),"7,115"
5314,世紀*,538,"-14,397",139,(3.35%),"12,553"
2302,麗正,537,-68,19.65,(9.78%),"6,960"
5392,能率,536,"3,013",46.75,(-0.11%),"3,171"
2617,台航,534,376,29.05,(0.69%),"1,650"
2428,興勤,533,-695,184.5,(6.34%),"4,012"
4916,事欣科,514,776,53.4,(-1.29%),"2,595"
2406,國碩,502,-633,20.4,(2.26%),"2,432"
2368,金像電,501,"-4,733",414,(2.48%),"5,247"
6155,鈞寶,495,363,26.85,(9.82%),797
3543,州巧,488,"3,882",44.15,(9.96%),"12,469"
9945,潤泰新,487,"-7,062",30.15,(0%),"6,011"
4904,遠傳,487,"22,663",92.8,(0.32%),"2,890"
9907,統一實,468,"2,951",18.25,(0.27%),"1,932"
3317,尼克森,465,-39,51.7,(6.16%),"2,257"
3491,昇達科,459,963,460,(3.84%),"1,649"
2887,台新新光辛特,454,"3,504",9.23,(0%),"4,074"
3041,揚智,441,-623,30.35,(3.58%),"1,688"
4977,眾達-KY,441,-630,118,(6.31%),"4,033"
6257,矽格,431,"4,730",96,(2.78%),"4,911"
1104,環泥,426,"2,909",31.5,(1.29%),"1,494"
3033,威健,425,"-4,319",29.6,(1.2%),"1,496"
6147,頎邦,423,"2,973",58.1,(1.4%),"2,674"
2313,華通,422,"47,454",86.6,(0.81%),"19,890"
6488,環球晶,421,"3,056",500,(2.04%),"2,759"
3035,智原,411,"-3,385",165,(1.85%),"3,194"
1303,南亞,407,"41,733",42.05,(0.24%),"32,751"
2637,慧洋-KY,405,"3,936",63.4,(-1.4%),"4,172"
2501,國建,400,"3,773",24,(0.84%),"2,008"
8011,台通,396,145,22.3,(2.53%),"1,413"
1301,台塑,387,"4,373",38.85,(-0.13%),"12,558"
3260,威剛,387,"3,182",188.5,(0.27%),"13,984"
2312,金寶,374,"-4,019",21.9,(1.15%),"15,496"
4760,勤凱,371,-167,173.5,(9.81%),"1,478"
2374,佳能,369,"-10,078",78.6,(-2.84%),"13,799"
8422,可寧衛,357,267,212,(2.42%),"1,696"
8042,金山電,355,40,48,(9.97%),"5,331"
6194,育富,354,12,39.65,(9.99%),769
6188,廣明,352,175,105.5,(1.93%),"1,642"
2464,盟立,351,"1,663",64.6,(4.03%),"2,845"
1905,華紙,349,-288,12.45,(1.22%),"1,922"
2498,宏達電,347,"-1,966",52,(0.78%),"9,610"
2880,華南金,342,"14,290",29.7,(-0.17%),"6,555"
2241,艾姆勒,328,"2,215",37.9,(3.55%),"1,710"
9955,佳龍,325,-192,31.2,(2.13%),"1,975"
3587,閎康,324,483,216,(2.61%),"1,209"
6530,創威,324,27,61.2,(9.87%),"2,256"
2838,聯邦銀,314,"9,430",19.95,(1.79%),"5,769"
6962,奕力-KY,305,-933,43.95,(1.38%),"1,627"
8121,越峰,302,-143,29.05,(9.83%),"2,221"
6584,南俊國際,298,-159,268.5,(7.83%),"2,437"
6190,萬泰科,297,-166,41.35,(1.97%),"1,393"
2367,燿華,294,-132,26.85,(1.32%),"3,412"
3234,光環,292,"-1,053",34.2,(9.97%),"1,278"
1569,濱川,283,"3,476",68.7,(1.33%),"6,005"
8070,長華*,279,"-4,768",44.2,(-0.9%),"3,041"
2340,台亞,267,"-1,336",26.15,(2.75%),"3,310"
3661,世芯-KY,267,"-1,178",3235,(4.86%),"2,211"
8069,元太,259,"-5,291",222,(2.3%),"3,002"
2405,輔信,247,"1,341",18.65,(1.36%),"1,775"
4566,時碩工業,247,266,58.7,(4.08%),968
2476,鉅祥,244,"1,210",101,(1.81%),"1,512"
6432,今展科,239,68,33.55,(10%),"1,297"
3529,力旺,230,-383,2370,(7.24%),"2,348"
6411,晶焱,227,61,76.5,(9.91%),826
8086,宏捷科,223,-551,105.5,(2.43%),"2,349"
8255,朋程,218,"-1,038",142.5,(4.4%),"1,290"
2614,東森,216,"1,029",21.35,(1.43%),"1,142"
2836,高雄銀,214,"2,158",12.2,(0%),"1,976"
5457,宣德,212,-881,48.5,(3.97%),886
3236,千如,210,"-1,018",22.4,(9.8%),"8,719"
5443,均豪,206,"-4,351",100,(1.11%),"1,536"
2489,瑞軒,205,"-3,388",15.25,(0.33%),"2,183"
9921,巨大,205,"-2,880",104,(1.46%),"1,272"
9935,慶豐富,203,-508,20.25,(6.58%),955
6284,佳邦,203,"-1,097",76.4,(4.66%),"7,004"
6138,茂達,201,"1,476",224,(2.52%),864
6806,森崴能源,198,"-1,386",61.3,(0.66%),"1,925"
2355,敬鵬,197,-372,33.45,(0.6%),"1,629"
3059,華晶科,197,-211,48.3,(2.33%),"4,424"
3019,亞光,196,-213,149,(1.71%),"2,075"
2204,中華,195,-421,60.4,(1.51%),959
3363,上詮,193,"-2,347",358.5,(3.61%),"5,874"
1216,統一,192,"-1,641",78.7,(0.64%),"3,686"
6005,群益證,191,"6,022",25.1,(1.01%),"8,571"
2436,偉詮電,189,112,51.5,(2.59%),"1,211"
3055,蔚華科,189,506,60.7,(2.36%),535
5512,力麒,189,-860,8.72,(0.23%),"1,167"
1319,東陽,185,"-3,283",92.7,(1.42%),"1,350"
2881,富邦金,184,"30,734",89.1,(-0.45%),"9,496"
8047,星雲,181,558,43.6,(9.96%),942
2855,統一證,180,"6,397",23.95,(0.63%),"2,670"
8033,雷虎,175,"-8,239",128,(-3.76%),"1,555"
3443,創意,171,"2,422",1525,(2.01%),"2,833"
6805,富世達,171,"1,511",1200,(1.27%),"2,006"
2915,潤泰全,165,"-1,631",52.7,(0.96%),"1,215"
3294,英濟,158,-559,42.5,(-0.23%),"1,207"
6163,華電網,155,"1,439",22.55,(3.44%),850
2376,技嘉,152,"8,199",285,(2.33%),"3,538"
2365,昆盈,151,-140,38.4,(-0.39%),"1,028"
3135,凌航,151,"-2,401",45,(-0.22%),"1,355"
6202,盛群,151,-199,40.7,(0%),864
2049,上銀,148,214,211,(1.44%),"1,313"
2328,廣宇,148,"-8,513",55.8,(2.57%),"24,379"
4526,東台,145,-187,32.85,(1.08%),"1,478"
6862,三集瑞-KY,145,54,182.5,(9.94%),762
2610,華航,144,"-17,937",21,(-0.24%),"11,431"
3645,達邁,143,-330,60.2,(0.5%),"1,205"
5243,乙盛-KY,138,107,76.2,(2.42%),"1,902"
1733,五鼎,136,"1,253",35.75,(4.23%),"1,261"
6733,博晟生醫,136,176,44.5,(1.37%),537
3025,星通,135,239,46.95,(1.84%),482
8996,高力,131,"14,316",529,(-2.58%),"2,104"
3390,旭軟,130,201,23.7,(9.98%),"4,271"
1409,新纖,129,-21,13.35,(0.38%),"2,222"
6161,捷波,129,114,56.8,(3.46%),924
2441,超豐,128,"2,228",67.5,(1.2%),"2,274"
4912,聯德控股-KY,127,109,88.3,(9.96%),858
2882,國泰金,125,"11,653",65.3,(0.15%),"8,345"
2258,鴻華先進-創,123,-206,38.75,(1.44%),505
3605,宏致,122,"-1,384",68,(0.15%),"1,234"
6541,泰福-KY,122,-670,60,(-2.44%),"1,235"
1611,中電,121,432,13.15,(0.38%),435
6492,生華科,121,399,48.25,(9.91%),666
3045,台灣大,120,"10,876",111.5,(0%),"6,188"
8016,矽創,119,-142,215.5,(2.62%),581
1524,耿鼎,117,"-1,832",27.65,(4.34%),"1,368"
3406,玉晶光,116,37,421.5,(1.08%),580
2851,中再保,115,"1,325",24.55,(0%),"1,093"
6104,創惟,115,"-1,055",111.5,(1.83%),508
5009,榮剛,115,"1,222",36.15,(0.14%),"1,089"
3437,榮創,114,246,15.85,(2.92%),719
1570,力肯,113,"-1,627",32.3,(1.25%),"1,833"
2903,遠百,113,"-2,320",22.15,(0.91%),"1,904"
3062,建漢,111,564,24.2,(0.83%),"1,824"
9910,豐泰,110,"2,987",133,(3.91%),"1,354"
6180,橘子,109,41,61.5,(0.99%),370
6275,元山,109,-158,44.55,(3.36%),683
6558,興能高,108,109,41.4,(0.98%),646
6207,雷科,108,-123,53.4,(2.1%),600
6875,國邑*,108,232,59.2,(9.83%),913
3630,新鉅科,106,-989,31.45,(1.13%),608
6535,順藥,106,-132,296.5,(2.24%),789
3673,TPK-KY,105,479,37.2,(1.09%),551
3015,全漢,104,105,55.2,(1.66%),295
5864,致和證,104,19,14.75,(1.72%),"1,316"
2362,藍天,103,-152,40.1,(2.43%),466
6204,艾華,102,115,80.1,(9.88%),"1,715"
6823,濾能,100,80,70,(9.89%),661
3712,永崴投控,99,-896,39.95,(2.7%),"3,113"
6278,台表科,96,-787,107,(0.94%),"1,762"
6415,矽力*-KY,96,"-3,889",235,(2.62%),"3,122"
6177,達麗,95,"-2,536",48.15,(1.26%),599
8183,精星,95,-197,30.05,(2.39%),352
3002,歐格,93,-570,25,(4.82%),"7,899"
3031,佰鴻,93,652,21.5,(1.65%),352
2388,威盛,92,"-4,516",54.6,(0.55%),"1,679"
3042,晶技,91,-225,91.7,(0.55%),958
4441,振大環球,91,211,277.5,(5.51%),490
3380,明泰,90,"-4,151",32.45,(-0.15%),"1,998"
8404,百和興業-KY,89,"-1,216",25.55,(0.79%),628
1522,堤維西,88,-61,43.2,(0.12%),"1,083"
3374,精材,88,294,145.5,(1.39%),"1,079"
4903,聯光通,87,156,31.8,(6.89%),"2,220"
2468,華經,86,-160,45.75,(0.77%),443
2537,聯上發,86,486,11.15,(0%),751
2535,達欣工,86,-366,61.5,(0%),287
4510,高鋒,86,-489,40.45,(0.75%),632
8271,宇瞻,85,"5,375",108,(-4.85%),"6,053"
2359,所羅門,83,"-1,426",131.5,(1.15%),787
1528,恩德,82,-661,14.8,(0.34%),987
4967,十銓,82,"10,570",128,(0%),"2,993"
9136,巨騰-DR,82,"1,981",7.58,(1.74%),"1,204"
8038,長園科,82,"-1,030",45.9,(-1.08%),550
7799,禾榮科,82,44,745,(9.4%),"1,320"
3504,揚明光,81,-38,58.1,(2.47%),591
6245,立端,81,-584,79.9,(0.63%),334
8936,國統,81,"1,964",56.3,(1.26%),"2,299"
5225,東科-KY,80,-72,109,(1.87%),352
5410,國眾,79,"-1,793",37.55,(-1.05%),940
6477,安集,79,-409,39.15,(0.38%),423
1471,首利,78,-339,9.27,(2.66%),355
3705,永信,77,"1,042",57.7,(1.41%),484
4939,亞電,77,"-1,971",22.8,(2.47%),438
2633,台灣高鐵,75,"-4,662",27.3,(-0.18%),"2,592"
7402,邑錡,74,"-2,125",138,(4.15%),205
5493,三聯,73,-82,87.2,(5.19%),441
3086,華義,71,441,199,(5.85%),279
1464,得力,70,-491,11.25,(0.9%),489
2466,冠西電,70,-591,54.7,(1.3%),"1,108"
2412,中華電,65,"-16,140",133,(0%),"3,676"
3532,台勝科,65,"-4,243",102,(1.49%),"2,187"
8074,鉅橡,65,-781,28,(3.51%),599
1712,興農,64,489,44.1,(0%),440
6197,佳必琪,64,"-1,550",166,(0.91%),"1,781"
8234,新漢,64,-154,78.5,(-0.38%),614
3028,增你強,63,737,33.35,(0.76%),355
6143,振曜,62,"-3,541",130,(-0.38%),736
3303,岱稜,61,-715,46.15,(2.1%),284
5201,凱衛,61,"1,909",45.15,(1.23%),349
3290,東浦,60,827,51.2,(0.39%),"1,793"
3537,堡達,60,1,40.5,(5.33%),857
3297,杭特,59,-254,47.7,(0.95%),333
3551,世禾,58,268,175,(0.29%),"1,460"
3694,海華,58,263,71.4,(-0.14%),"1,039"
3701,大眾控,58,-178,38.95,(6.28%),"1,148"
2597,潤弘,57,635,169,(0.9%),277
3581,博磊,57,"1,259",66.8,(5.86%),"1,014"
8383,千附,57,-333,41,(0.74%),215
2488,漢平,56,147,46.15,(1.43%),289
2495,普安,56,"-1,454",25.7,(9.83%),"16,288"
3021,鴻名,56,20,18.35,(4.56%),306
9934,成霖,56,-136,10.4,(1.46%),642
4991,環宇-KY,55,"-2,288",147.5,(4.61%),"9,931"
8210,勤誠,55,"2,153",727,(2.83%),"4,175"
8163,達方,55,-456,37.65,(2.45%),987
1434,福懋,54,54,15.3,(0.33%),760
2484,希華,54,-47,23.45,(5.39%),"1,486"
2722,夏都,54,51,30.8,(7.32%),773
4763,材料*-KY,54,-484,57.9,(-2.36%),"9,647"
2352,佳世達,53,"-3,018",31.1,(0%),"3,320"
2067,嘉鋼,53,"-2,136",11.6,(9.95%),"1,006"
6130,上亞科技,53,168,41.7,(0.72%),244
4908,前鼎,53,-623,82.1,(3.53%),741
5213,亞昕,53,-394,25.2,(0.8%),244
4971,IET-KY,52,-299,149,(4.56%),"1,011"
6695,芯鼎,52,-670,50.7,(0.4%),806
1598,岱宇,51,296,23.25,(2.2%),569
2762,世界健身-KY,51,169,85.4,(3.64%),152
1618,合機,49,"-2,627",44.55,(0.68%),572
2101,南港,49,"-3,184",38.2,(1.6%),"1,667"
5452,佶優,49,-210,23.15,(1.54%),356
6869,雲豹能源,49,537,124.5,(1.22%),"1,062"
2031,新光鋼,48,-910,40.9,(0.12%),528
3046,建碁,48,258,48.8,(0.51%),260
8084,巨虹,48,95,48.25,(9.91%),381
6133,金橋,47,133,17.05,(0.89%),333
2211,長榮鋼,46,"3,120",112,(0%),"1,425"
3058,立德,46,-651,11.2,(0%),"1,382"
6168,宏齊,46,80,20.3,(0.74%),311
8176,智捷,46,-279,10.65,(-0.93%),192
3014,聯陽,45,-889,131,(0.38%),422
6664,群翊,44,-646,275,(-0.36%),693
4540,全球傳動,44,-486,40.25,(1.13%),530
4736,泰博,44,-177,123,(0.41%),196
2023,燁輝,43,-896,14.85,(0%),"1,202"
2331,精英,43,952,20.65,(0.73%),"1,272"
6451,訊芯-KY,43,-936,143.5,(3.24%),630
6167,久正,43,-182,13.2,(8.64%),"1,131"
3060,銘異,42,"-4,886",22.85,(0.88%),"1,190"
3312,弘憶股,41,-816,41.05,(0%),572
6237,驊訊,41,69,42.65,(2.03%),188
6435,大中,40,180,108,(3.35%),307
6706,惠特,40,"-2,399",71.5,(1.85%),702
4541,晟田,40,-707,44.35,(-1.44%),974
6117,迎廣,39,-288,81.9,(1.74%),587
6220,岳豐,39,367,20.95,(2.7%),190
1773,勝一,38,"1,386",145.5,(-0.34%),554
2417,圓剛,38,425,40.2,(0.25%),363
3483,力致,37,-850,106.5,(0.47%),394
8227,巨有科技,37,"1,506",183,(-1.08%),978
3675,德微,36,-168,167,(7.05%),"2,663"
3511,矽瑪,36,-450,21.7,(3.83%),342
4721,美琪瑪,36,-380,74.5,(-0.53%),628
4934,太極,36,-682,14.6,(0.69%),645
6219,富旺,36,-828,18.55,(1.64%),166
3703,欣陸,35,"-2,817",21.5,(0.47%),654
5014,建錩,34,410,10.7,(0%),343
3362,先進光,33,35,101,(-0.98%),651
1307,三芳,32,-765,30.55,(0.83%),852
2820,華票,32,820,16.8,(-0.3%),544
4562,穎漢,32,318,41.25,(-0.24%),252
6799,來頡,32,-654,80.6,(1.9%),142
3430,奇鈦科,31,43,78.3,(1.56%),325
4576,大銀微系統,31,-92,109,(1.4%),524
6547,高端疫苗,31,-787,36.8,(0%),867
3515,華擎,30,287,291.5,(1.75%),480
2471,資通,30,78,50.2,(0.2%),172
3138,耀登,29,-187,94.7,(2.38%),113
5432,新門,29,-88,131,(2.75%),170
4555,氣立,29,738,44.6,(0.9%),210
6214,精誠,29,"-2,148",131.5,(2.73%),"1,459"
6271,同欣電,29,"-3,954",114,(0.44%),"1,253"
6672,騰輝電子-KY,29,-155,88,(0.34%),372
2912,統一超,28,"-4,368",244,(1.24%),"1,984"
4956,光鋐,28,"-1,132",19.75,(1.8%),352
6134,萬旭,28,123,23,(2.45%),178
3049,精金,27,"-2,744",6.65,(-0.3%),751
6196,帆宣,27,"-1,781",235.5,(-1.46%),"1,132"
3219,倚強科,26,-94,62.5,(0.16%),362
6684,安格,26,51,62.3,(2.98%),"1,460"
2427,三商電,25,-867,25.7,(0.39%),546
4207,環泰,25,379,18.8,(0.8%),183
4764,雙鍵,25,49,54.1,(9.96%),138
6148,驊宏資,25,109,42.25,(0.6%),218
1436,華友聯,24,-313,62.6,(-0.32%),821
3498,陽程,23,31,45.65,(0.33%),181
3530,晶相光,23,-68,62.1,(1.97%),136
5251,天鉞電,23,-95,40.35,(0.12%),178
5490,同亨,23,-556,30.9,(1.64%),355
6142,友勁,23,-702,9.76,(-0.61%),253
4557,永新-KY,23,-771,70.9,(2.01%),179
6118,建達,23,-714,19.55,(0%),180
9924,福興,23,261,52.5,(0.38%),148
2102,泰豐,22,1,19.6,(0.26%),352
1316,上曜,21,"13,987",15.65,(0.97%),"5,247"
3040,遠見,21,-47,64.2,(-0.47%),513
3128,昇銳,21,52,29.25,(0%),215
3714,富采,21,"-1,941",36.25,(0.42%),914
4549,桓達,21,2,117.5,(-0.84%),86
5381,合正,21,-255,21.9,(0.92%),464
2305,全友,20,-522,11.1,(-0.45%),241
3147,大綜,20,-313,171.5,(2.08%),345
3686,達能,20,486,18.1,(0.28%),234
1590,亞德客-KY,19,"3,460",874,(0%),527
3311,閎暉,19,"-3,306",35.4,(-2.07%),"1,339"
2908,特力,19,49,20.4,(1.24%),322
2608,嘉里大榮,19,-345,34.05,(0.29%),112
4960,誠美材,19,"2,372",14.05,(1.08%),"1,132"
6603,富強鑫,19,625,18.15,(-0.27%),461
6491,晶碩,19,24,306,(0.16%),164
6206,飛捷,19,-79,106.5,(-0.93%),666
6925,意藍,19,-71,117.5,(0.43%),89
3379,彬台,18,-788,56,(0.18%),384
4438,廣越,18,-75,67.3,(1.97%),71
8374,羅昇,18,-158,90.2,(0.67%),204
8289,泰藝,18,17,22,(4.02%),245
6283,淳安,18,54,25.9,(-0.77%),232
8081,致新,18,-428,224,(1.13%),216
2413,環科,17,-394,21.2,(1.44%),233
2506,太設,17,-13,9.49,(0%),163
2439,美律,17,"-3,033",101,(0%),712
6642,富致,17,0,57,(3.26%),265
5258,虹堡,17,-300,71.7,(1.41%),183
8104,錸寶,17,-669,33.7,(-0.3%),426
8462,柏文,17,181,163,(0.31%),49
9928,中視,17,21,18,(1.98%),209
1536,和大,16,"-1,214",58.8,(0.68%),"1,216"
3011,今皓,16,296,15.2,(-1.3%),907
3580,友威科,16,-364,60.3,(0.17%),117
3071,協禧,16,-309,24.2,(1.04%),194
5511,德昌,16,-21,60.8,(0.66%),147
8068,全達,16,-122,20.3,(1%),89
8476,台境*,16,-35,19.65,(-0.25%),80
8222,寶一,16,-207,45.7,(-0.44%),432
6498,久禾光,16,15,93.8,(1.96%),87
6291,沛亨,15,-264,144.5,(2.85%),290
2852,第一保,14,-566,26.5,(-0.19%),232
3447,展達,14,"-2,023",58.7,(1.21%),446
4121,優盛,14,180,15.05,(0.67%),127
5202,力新,14,-186,18.5,(0.54%),187
6510,精測,14,-513,1785,(1.42%),365
1103,嘉泥,13,-115,13.25,(0%),152
3325,旭品,13,-285,18.4,(-1.6%),151
3594,磐儀,13,119,42.2,(-1.06%),188
2442,新美齊,13,-363,25.25,(-0.98%),449
6277,宏正,13,-110,60.9,(1.5%),84
5426,振發,13,-310,22.4,(1.13%),433
8099,大世科,13,-21,76.7,(1.99%),244
3494,誠研,12,-51,10.65,(2.9%),48
3501,維熹,12,-140,51.9,(0.58%),68
3434,哲固,12,217,33.9,(-0.29%),135
3588,通嘉,12,-148,49.8,(1.63%),106
6668,中揚光,12,-274,40.8,(0.49%),138
4563,百德,12,-296,51.5,(0%),95
1558,伸興,11,-115,91.9,(-0.33%),192
1582,信錦,11,-964,67.3,(0.9%),375
3030,德律,11,"-4,046",150.5,(0.67%),865
3023,信邦,11,-812,226.5,(0.89%),545
4442,竣邦-KY,11,-342,57.6,(0.17%),99
5474,聰泰,11,-478,166,(0.3%),154
6129,普誠,11,-295,14.85,(1.37%),231
6629,泰金-KY,11,40,125,(2.46%),60
6996,力領科技,11,-19,150,(2.74%),80
9925,新保,11,-346,40.85,(0.37%),109
5244,弘凱,11,-74,42.25,(1.81%),292
2025,千興,10,-106,10.1,(-0.98%),123
1752,南光,10,235,38.7,(-0.39%),81
3607,谷崧,10,-303,13.4,(0.75%),108
2419,仲琦,10,-46,23.85,(0.63%),834
3663,鑫科,10,-315,47.05,(-0.95%),231
6426,統新,10,-9,72.3,(0.84%),163
6658,聯策,10,-264,58.2,(0.52%),107
6021,美好證,10,-39,24.05,(2.34%),281
6146,耕興,10,-46,177.5,(0.57%),72
6830,汎銓,10,-479,164.5,(2.49%),197
6794,向榮生技,10,-18,70,(-0.28%),105
4949,有成精密,10,118,37.15,(0.27%),127
6166,凌華,10,"-1,323",59.3,(0.85%),322
3027,盛達,9,-187,24,(0.21%),202
3611,鼎翰,9,27,194,(0.52%),49
2426,鼎元,9,267,17.25,(-1.15%),508
3522,御嵿,9,-85,14.45,(1.76%),79
4583,台灣精銳,9,-302,603,(1.69%),89
5471,松翰,9,-106,36.45,(-0.41%),202
6205,詮欣,9,-214,40.95,(1.11%),59
6121,新普,9,-350,366.5,(0.55%),243
6156,松上,9,-822,21.45,(0.7%),238
8071,能率網通,9,-710,18.05,(0.84%),257
6872,浩宇生醫,9,-35,20.5,(1.23%),52
6230,尼得科超眾,9,-173,136.5,(2.63%),107
8442,威宏-KY,9,-206,68.2,(3.96%),100
1477,聚陽,8,502,284,(0%),502
2756,聯發國際,8,-25,101.5,(3.05%),82
4976,佳凌,8,"-1,253",34.9,(-0.29%),438
6788,華景電,8,-328,235,(0%),241
6509,聚和,8,-191,32.35,(0%),205
6803,崑鼎,8,-114,288,(0.35%),43
1219,福壽,7,165,13.6,(0%),227
1225,福懋油,7,-212,30.65,(0.82%),112
1737,臺鹽,7,55,31.95,(0%),199
2460,建通,7,-65,17.7,(0%),60
3229,晟鈦,7,-42,14.5,(1.05%),78
2243,宏旭-KY,7,197,12.45,(1.22%),226
2636,台驊控股,7,-665,69.2,(0.29%),244
4720,德淵,7,-96,15.1,(-0.66%),152
5489,彩富,7,-9,40,(0.63%),56
6470,宇智,7,-65,41.05,(0.74%),46
8429,金麗-KY,7,-52,7.95,(-0.5%),101
7749,意騰-KY,7,-437,502,(-0.59%),195
9951,皇田,7,-46,57.5,(0.88%),57
8092,建暐,7,-112,16.1,(0%),60
5515,建國,7,508,25.25,(-0.2%),181
1312,國喬,6,"8,483",10.35,(-1.9%),"3,427"
1414,東和,6,-199,17.25,(1.17%),755
1108,幸福,6,-11,15,(0%),93
1903,士紙,6,51,54,(1.69%),542
1713,國化,6,137,48.85,(0.72%),93
2114,鑫永銓,6,-16,91.3,(1.44%),71
1731,美吾華,6,11,21.9,(0%),65
2250,IKKA-KY,6,-236,84.8,(0.47%),65
2477,美隆電,6,-183,23.5,(0.64%),62
3094,聯傑,6,-85,25.55,(0.59%),150
3540,曜越,6,-693,31.85,(1.43%),151
3666,光耀,6,23,26.4,(0%),41
2338,光罩,6,"1,302",39.1,(-0.26%),803
3122,笙泉,6,-155,25.8,(1.57%),70
6712,長聖,6,-202,166,(0.61%),170
5371,中光電,6,"-13,972",102.5,(-1.44%),"7,895"
6185,幃翔,6,4,16.45,(0.3%),98
6902,GOGOLOOK,6,124,80.7,(-0.25%),61
6698,旭暉應材,6,-203,35.25,(1.73%),129
6863,永道-KY,6,-119,136,(-0.37%),50
8279,生展,6,11,130.5,(1.56%),51
1336,台翰,5,-323,17.15,(0.29%),73
1446,宏和,5,-512,18.55,(-1.33%),149
1597,直得,5,-63,77.4,(0.13%),214
1783,和康生,5,32,43.8,(0.11%),54
2107,厚生,5,108,23.85,(0.21%),104
2423,固緯,5,86,56,(1.45%),136
2705,六福,5,-14,17.05,(0.59%),99
2753,八方雲集,5,"-1,809",190.5,(1.06%),415
3088,艾訊,5,-372,79.7,(0.5%),145
3207,耀勝,5,-369,65.4,(0.62%),130
4107,邦特,5,168,123.5,(-0.4%),56
5301,寶得利,5,5,5.31,(9.71%),110
4729,熒茂,5,-7,22,(0.46%),140
6405,悅城,5,213,26.8,(1.13%),72
7547,碩網,5,-272,79.2,(0.38%),50
4569,六方科-KY,5,-8,167,(4.05%),97
5302,太欣,5,-176,9,(0.9%),147
5478,智冠,5,-32,103.5,(0%),61
6785,昱展新藥,5,326,290,(1.4%),175
1467,南緯,4,-55,7.35,(0%),32
1535,中宇,4,21,55.9,(0.36%),42
1603,華電,4,-83,38.75,(0.91%),398
1201,味全,4,-703,15.2,(0.33%),77
1563,巧新,4,-712,46.5,(-0.53%),159
2702,華園,4,-27,12.1,(-0.82%),49
4160,訊聯基因,4,-219,53,(-1.3%),54
3052,夆典,4,"-1,323",11,(0%),394
3687,歐買尬,4,-536,76,(1.33%),103
4414,如興,4,-175,10.7,(-1.38%),123
4744,皇將,4,176,29.65,(-1%),283
5288,豐祥-KY,4,-53,118,(-1.26%),57
6226,光鼎,4,-233,6.83,(-0.44%),133
6532,瑞耘,4,-64,57.8,(0.52%),37
6835,圓裕,4,-108,39.55,(0.89%),47
6914,阜爾運通,4,13,154,(1.32%),190
6922,宸曜,4,-236,179,(0.56%),31
5356,協益,4,16,25.35,(0.2%),93
5607,遠雄港,4,546,49.65,(0.3%),292
6418,詠昇,4,-968,73.8,(-1.6%),678
6576,逸達,4,283,79.7,(-0.75%),142
6958,日盛台駿,4,13,18.15,(0.83%),40
8097,常珵,4,20,64.9,(-0.61%),51
8182,加高,4,-60,26.5,(1.92%),190
5272,笙科,4,-108,20.75,(0.48%),51
2062,橋椿,3,-79,22.4,(-0.88%),246
1604,聲寶,3,-28,24.9,(0.4%),99
3564,其陽,3,-195,50.5,(-1.17%),85
2415,錩新,3,-114,24.1,(-0.82%),50
3356,奇偶,3,"-1,809",44.1,(0.57%),225
3617,碩天,3,223,236.5,(-0.42%),328
5227,立凱-KY,3,-232,28,(1.45%),153
6203,海韻電,3,-183,64.3,(0.78%),57
6123,上奇,3,10,53.2,(1.14%),50
6598,ABC-KY,3,13,23.1,(0.43%),64
8927,北基,3,"-4,312",27.1,(1.31%),"1,315"
5236,凌陽創新,3,1,130.5,(1.56%),218
6136,富爾特,3,76,23.85,(1.06%),52
6174,安碁,3,-24,24.15,(8.54%),853
8431,匯鑽科,3,-138,41.8,(1.21%),140
8940,新天地,3,31,20.35,(-0.49%),33
1532,勤美,2,466,26.55,(-0.19%),437
1455,集盛,2,"-1,271",8.1,(0.5%),319
2069,運錩,2,191,15.35,(0%),42
3073,天方能源,2,-33,36.8,(-2%),43
3518,柏騰,2,-947,20.7,(-0.48%),170
3591,艾笛森,2,249,17.9,(1.42%),248
3679,新至陞,2,69,119,(-0.42%),25
2482,連宇,2,-178,18.3,(0.83%),119
3684,榮昌,2,34,50.8,(-1.36%),36
4536,拓凱,2,-316,185.5,(-0.27%),102
2450,神腦,2,-273,28.95,(0%),50
3205,佰研,2,-184,53.1,(-0.56%),86
3349,寶德,2,2,19.9,(0.51%),50
4935,茂林-KY,2,-19,42.95,(-0.12%),47
3691,碩禾,2,-199,71.4,(0.42%),53
6854,錼創科技-KY創,2,-206,147.5,(0.68%),154
5324,士開,2,-6,10.5,(0%),69
5450,南良,2,-28,13.9,(1.83%),74
5465,富驊,2,-423,30.8,(1.15%),101
6928,攸泰科技,2,-234,56.9,(-1.56%),171
8354,冠好,2,353,15.5,(-1.9%),134
9942,茂順,2,-342,105,(0.48%),66
4933,友輝,2,72,60.9,(-0.49%),81
6266,泰詠,2,-416,29.9,(0%),141
7723,築間,2,138,41.8,(0.48%),82
1599,宏佳騰,1,-39,29.8,(6.24%),66
1527,鑽全,1,193,33.1,(0%),65
2028,威致,1,-25,16.35,(-0.3%),53
2706,第一店,1,-164,13.2,(0.76%),32
3455,由田,1,-581,90.5,(-0.88%),167
2881,富邦金丙特,1,12,53.9,(0.19%),9
4166,友霖,1,657,27,(-0.55%),239
4304,勝昱,1,1,10.85,(9.93%),106
3558,神準,1,"-1,067",149.5,(-0.99%),145
5263,智崴,1,-215,88.2,(4.5%),455
5525,順天,1,-10,28.35,(-0.18%),47
6259,百徽,1,-4,16.45,(1.86%),43
6438,迅得,1,"-2,357",161.5,(0.31%),371
6679,鈺太,1,160,208,(0.48%),87
6747,亨泰光,1,43,198,(0%),45
6128,上福,1,-83,28.05,(0.18%),68
6208,日揚,1,-93,44.7,(0.45%),32
6465,威潤,1,-14,14.9,(7.97%),47
6593,台灣銘板,1,-355,44.7,(-0.22%),38
8403,盛弘,1,-198,24.65,(0.2%),56
6840,東研信超,1,-43,60.8,(0.83%),42
8930,青鋼,1,-125,29,(-0.34%),40
4711,永純,1,-497,15.15,(0%),35
5460,同協,1,6,14.6,(-0.34%),44
6101,寬魚國際,1,22,38.1,(0.26%),163
6158,禾昌,1,-2,24.15,(1.26%),91
6933,AMAX-KY,1,-399,169,(2.11%),145
