股票代號,股票,淨賣超,收盤價,漲跌%,成交量,當日,累計15日
2324,仁寶,"-20,867","-103,627",32.95,(-1.05%),"54,774"
2408,南亞科,"-15,198","31,896",107,(2.88%),"215,411"
1815,富喬,"-11,001","-26,014",65.8,(0%),"51,313"
6770,力積電,"-8,247","39,944",30.3,(2.71%),"245,998"
8112,至上,"-6,866","-4,928",55.3,(1.47%),"48,598"
1605,華新,"-6,858","-3,428",30.55,(5.16%),"159,821"
3715,定穎投控,"-6,363","-15,080",91.9,(-2.65%),"26,778"
2801,彰銀,"-6,197","18,187",20.15,(-0.74%),"15,585"
3231,緯創,"-6,191","47,890",142,(4.03%),"65,313"
3189,景碩,"-5,887","26,159",151,(0%),"43,193"
8088,品安,"-5,813",-26,49.15,(4.8%),"74,740"
2609,陽明,"-5,342","-54,174",54,(-0.18%),"19,152"
2002,中鋼,"-5,315","-72,537",18.9,(-0.79%),"19,305"
2867,三商壽,"-5,096","9,564",6.19,(-2.52%),"13,983"
3481,群創,"-4,810","75,492",14.35,(-1.03%),"51,718"
2371,大同,"-4,698","-13,433",38,(1.88%),"19,079"
6282,康舒,"-4,427","3,128",37.7,(1.21%),"42,004"
2301,光寶科,"-4,412","-41,608",164.5,(-0.6%),"24,716"
2892,第一金,"-4,307","-12,700",28.9,(-0.69%),"13,413"
2603,長榮,"-4,213","-14,226",184.5,(-1.07%),"11,894"
2884,玉山金,"-4,143","-42,884",32.3,(-0.77%),"15,949"
1802,台玻,"-4,028","-25,931",28,(-0.71%),"34,476"
2834,臺企銀,"-4,014","8,322",15.35,(-0.65%),"13,046"
3704,合勤控,"-3,446","-4,174",35.4,(-0.98%),"19,172"
1402,遠東新,"-3,219","-21,791",27,(-0.74%),"8,011"
1101,台泥,"-3,047","-21,758",23.25,(-0.43%),"22,100"
2478,大毅,"-2,889",-523,61.1,(4.98%),"31,920"
2615,萬海,"-2,653","-14,364",79.3,(-1.12%),"11,744"
2105,正新,"-2,626","-26,658",33.3,(-1.48%),"8,178"
4938,和碩,"-2,508","-3,799",74.5,(0%),"8,687"
3037,欣興,"-2,474","18,423",160,(-0.31%),"16,741"
2890,永豐金,"-2,450","21,173",26.05,(-0.19%),"14,146"
3576,聯合再生,"-2,435","-2,714",6.24,(0.32%),"6,150"
2618,長榮航,"-2,350","-16,130",38.1,(-0.65%),"19,407"
8028,昇陽半導體,"-2,261","-3,692",177.5,(-0.84%),"6,804"
2891,中信金,"-2,108","-27,574",42.4,(-0.24%),"13,074"
1795,美時,"-2,074",874,279,(-6.84%),"12,705"
6757,台灣虎航,"-2,012","-4,208",72,(-3.74%),"4,923"
6290,良維,"-1,953","7,464",147,(-0.68%),"8,803"
8046,南電,"-1,881","12,058",277.5,(-1.07%),"23,560"
3006,晶豪科,"-1,835",93,85.2,(-0.93%),"15,046"
2542,興富發,"-1,746","-42,235",38.25,(-0.39%),"6,002"
5876,上海商銀,"-1,680","-8,333",40.65,(-0.73%),"5,054"
3706,神達,"-1,519","-25,245",91.6,(0.22%),"22,383"
8044,網家,"-1,461","-1,638",34.8,(-1.97%),"6,562"
5871,中租-KY,"-1,417","-19,653",105,(-0.94%),"4,250"
2014,中鴻,"-1,392","-1,353",15.6,(-1.89%),"4,508"
5469,瀚宇博,"-1,346","-14,087",89.5,(-0.56%),"9,502"
6217,中探針,"-1,285","2,241",57.8,(0.52%),"21,515"
1785,光洋科,"-1,262",-917,62.7,(-0.16%),"6,623"
3162,精確,"-1,235","-4,487",57.3,(7.1%),"6,963"
1909,榮成,"-1,222",-904,9.7,(-2.02%),"3,792"
2457,飛宏,"-1,204","-5,736",27.4,(1.29%),"10,323"
4989,榮科,"-1,202","-2,284",36.5,(5.95%),"4,290"
2543,皇昌,"-1,195",-567,71.6,(-1.65%),"2,836"
6285,啟碁,"-1,182","-2,132",116.5,(-1.69%),"2,836"
5351,鈺創,"-1,167","4,709",38.45,(-0.39%),"11,835"
2641,正德,"-1,145","-1,963",20.85,(-2.34%),"5,573"
1513,中興電,"-1,123",-551,154,(-1.91%),"3,037"
3313,斐成,"-1,115","-1,979",19.45,(2.1%),"11,775"
1215,卜蜂,"-1,063",328,136.5,(-6.51%),"2,604"
6116,彩晶,"-1,006","-14,796",7.57,(-0.39%),"5,320"
5880,合庫金,-998,"-10,835",24,(-0.62%),"8,266"
2646,星宇航空,-983,"-1,608",24.75,(-0.2%),"5,103"
2486,一詮,-965,"-6,308",78.6,(-0.76%),"2,812"
4749,新應材,-950,"-1,610",890,(-1.66%),"2,257"
1304,台聚,-938,"-2,236",10.5,(-2.33%),"3,843"
3017,奇鋐,-933,"5,789",1140,(-0.87%),"6,056"
2504,國產,-776,"-5,624",33.75,(-0.59%),"3,364"
9105,泰金寶-DR,-752,"-3,678",6.31,(-0.63%),"14,612"
9958,世紀鋼,-739,"-1,285",161,(-2.72%),"2,155"
4743,合一,-734,"-2,178",61.7,(-2.83%),"1,998"
6139,亞翔,-705,"3,985",428,(-0.23%),"4,492"
6191,精成科,-699,"-12,006",105.5,(-1.4%),"9,165"
1718,中纖,-698,"-1,725",6.3,(-1.41%),"2,789"
3376,新日興,-695,"-3,312",220.5,(0.46%),"3,630"
3709,鑫聯大投控,-693,"3,325",50.4,(0.8%),"2,736"
3016,嘉晶,-656,"-8,288",55.5,(2.59%),"6,663"
4772,台特化,-648,-414,327,(-2.1%),"2,331"
8039,台虹,-627,"-6,653",60.8,(-1.46%),"3,897"
1710,東聯,-621,-789,12.05,(-2.82%),"1,747"
6531,愛普*,-609,"2,390",373,(-0.67%),"3,825"
4906,正文,-604,"-4,371",26.25,(-1.87%),"3,391"
4968,立積,-595,725,149,(0%),"3,276"
2402,毅嘉,-581,"-4,979",50.1,(1.52%),"4,482"
5425,台半,-580,"-1,131",59.5,(7.59%),"17,303"
2027,大成鋼,-564,"10,383",38.4,(-0.78%),"7,802"
6579,研揚,-559,-388,138,(-2.82%),"2,160"
6227,茂綸,-557,379,90.8,(-5.22%),"1,922"
6485,點序,-553,-547,82,(-2.03%),"5,341"
2455,全新,-539,"-6,036",145.5,(2.11%),"4,480"
2605,新興,-534,748,24.25,(-2.81%),"5,807"
3149,正達,-527,"-9,447",38.7,(2.65%),"3,875"
2539,櫻花建,-517,"-2,481",48,(-1.03%),"1,589"
5536,聖暉*,-503,"-2,188",795,(-3.99%),"2,166"
3293,鈊象,-499,"-3,767",758,(-0.13%),"1,433"
2885,元大金,-497,"-6,764",34.05,(0.29%),"10,705"
6789,采鈺,-491,"-4,232",248.5,(0.4%),"1,848"
5289,宜鼎,-482,-149,409,(-0.97%),"3,592"
1560,中砂,-479,"-5,838",323.5,(-1.37%),"2,836"
4979,華星光,-476,"-16,087",191.5,(4.64%),"15,916"
3702,大聯大,-476,"-8,408",62.3,(0.65%),"4,494"
6446,藥華藥,-467,-982,513,(-0.58%),"1,818"
5309,系統電,-464,"-9,441",62.8,(-0.95%),"9,741"
2606,裕民,-454,"-2,692",56.2,(-0.18%),"3,231"
2454,聯發科,-443,"-12,971",1340,(0.75%),"3,281"
8064,東捷,-438,-654,43.25,(-1.26%),"1,788"
1229,聯華,-435,"2,608",48.65,(-1.42%),"1,308"
1218,泰山,-430,502,18.8,(-1.05%),"1,254"
8277,商丞,-425,-631,14.95,(-0.99%),"2,753"
2634,漢翔,-418,"-12,183",55.4,(-1.07%),"7,138"
2377,微星,-414,"-24,669",109,(0.93%),"4,713"
3357,臺慶科,-412,"-1,060",155,(8.01%),"9,526"
8390,金益鼎,-410,-11,69.2,(-1.7%),"1,284"
5439,高技,-403,"-3,034",288.5,(0.35%),"2,439"
1326,台化,-402,"15,484",29.8,(-0.5%),"8,446"
3323,加百裕,-395,"-13,408",39.15,(-1.63%),"2,131"
5522,遠雄,-391,"-5,242",54.1,(-0.73%),"1,511"
2006,東和鋼鐵,-383,"1,044",62.1,(-2.51%),"1,695"
3717,聯嘉投控,-371,-147,19.4,(-2.02%),"1,286"
4931,新盛力,-368,"-3,880",122,(0%),"2,042"
3167,大量,-365,"-2,262",161.5,(-1.52%),"4,099"
2347,聯強,-361,"-3,509",58.9,(-0.17%),"2,713"
6763,綠界科技*,-355,593,61.9,(-1.28%),"1,709"
9933,中鼎,-355,"-1,840",30.8,(-1.12%),"1,789"
4927,泰鼎-KY,-344,"-8,837",22.2,(-1.55%),"3,281"
4128,中天,-341,"-1,750",22,(-1.79%),"1,304"
6213,聯茂,-340,"-3,081",98.6,(0.72%),"2,934"
1727,中華化,-339,103,36.5,(-2.8%),"2,053"
1589,永冠-KY,-331,"-5,138",22.2,(-0.67%),"1,809"
9940,信義,-331,"-1,704",22.8,(-1.51%),675
2383,台光電,-312,"-3,959",1125,(1.81%),"3,806"
6120,達運,-300,"-2,137",11.65,(-1.27%),"1,591"
2404,漢唐,-291,"-4,115",851,(-1.28%),"1,565"
6462,神盾,-287,-516,130,(1.56%),"4,212"
5608,四維航,-283,"-1,467",17.45,(-1.69%),"2,131"
4564,元翎,-280,"-1,415",18.35,(-2.13%),"1,922"
6873,泓德能源,-280,"-2,174",130,(-2.99%),"1,442"
6176,瑞儀,-273,"-2,840",131,(-1.13%),"1,064"
8096,擎亞,-265,"1,299",47.8,(1.59%),"8,140"
1310,台苯,-260,-620,8.75,(-2.02%),823
2332,友訊,-255,"-1,792",16.95,(-0.59%),"1,673"
1702,南僑,-253,"-2,036",38.75,(-0.64%),562
2547,日勝生,-253,"-3,222",10.55,(0%),"1,487"
5521,工信,-252,"-2,449",11.65,(0%),"1,130"
2601,益航,-250,95,5.85,(-1.85%),"1,089"
2485,兆赫,-247,-898,13.8,(-1.78%),928
1210,大成,-245,"-5,776",51.6,(0.19%),"1,330"
4303,信立,-244,"-1,786",73.9,(0.68%),"2,841"
1308,亞聚,-241,"-1,819",13,(-1.14%),"2,059"
4532,瑞智,-234,850,23.85,(-1.04%),"1,384"
3078,僑威,-232,"-2,729",74,(-0.8%),821
4157,太景*-KY,-230,"-2,180",8.1,(-1.82%),"1,247"
4432,銘旺實,-230,-244,15.4,(-7.78%),849
2528,皇普,-228,114,29.5,(-2.48%),976
6187,萬潤,-226,"-2,838",374,(-0.66%),874
2630,亞航,-225,-485,54.8,(-2.49%),"3,628"
2913,農林,-223,"-1,177",13.95,(-0.71%),"1,446"
1314,中石化,-222,"14,564",7.31,(-0.81%),"11,109"
6449,鈺邦,-222,"-2,514",202,(1.76%),"3,652"
2009,第一銅,-218,"-2,027",41.85,(3.72%),"4,378"
2889,國票金,-217,"8,178",15.35,(-0.97%),"3,303"
8131,福懋科,-217,"-1,287",36.2,(2.84%),"7,365"
1722,台肥,-215,"-4,028",48.1,(-0.52%),"1,154"
8473,山林水,-212,373,42.65,(0.47%),"1,914"
2395,研華,-211,"-1,503",322,(-0.92%),"1,630"
2103,台橡,-209,"-4,635",15.2,(-0.65%),731
4123,晟德,-206,"-4,016",33.6,(-0.74%),"1,203"
6589,台康生技,-203,815,68.5,(-2.56%),799
2385,群光,-201,"-4,272",131,(0.38%),"1,311"
2743,山富,-200,-209,94.5,(-1.77%),880
2707,晶華,-195,-835,189,(-1.05%),474
4142,國光生,-195,"-1,557",17.75,(-0.84%),829
6781,AES-KY,-195,"-1,914",1050,(-1.41%),"1,009"
3624,光頡,-194,-149,44.65,(9.98%),"8,825"
8299,群聯,-193,"3,808",855,(0.59%),"1,606"
2104,國際中橡,-190,-32,10.7,(-0.47%),"1,353"
2520,冠德,-190,"-6,402",33.15,(-0.45%),"2,351"
2360,致茂,-189,-504,656,(-0.91%),"3,042"
6126,信音,-185,"-1,761",30.6,(-2.24%),"1,901"
2530,華建,-182,-138,29.95,(-2.6%),869
1463,強盛新,-180,-574,17.25,(-5.99%),642
3034,聯詠,-180,"-7,060",414,(2.1%),"2,636"
2351,順德,-180,"-3,097",82.2,(0.98%),"1,077"
4973,廣穎,-179,-493,36.45,(-1.88%),"4,742"
4746,台耀,-175,-347,60.7,(-2.41%),646
1514,亞力,-172,466,100.5,(-1.95%),"1,010"
1904,正隆,-172,-93,17.3,(-1.7%),756
3563,牧德,-172,"-1,460",537,(-1.29%),878
5475,德宏,-171,-580,60,(2.56%),"1,067"
2379,瑞昱,-169,18,531,(-0.38%),"1,713"
6461,益得,-169,-328,17.3,(-3.62%),545
1102,亞泥,-167,"-1,160",36.9,(0.27%),"1,829"
2451,創見,-167,"-2,284",131,(-1.5%),"6,606"
6691,洋基工程,-166,-246,448.5,(-1.97%),493
1231,聯華食,-164,"-1,972",113,(-2.59%),444
2387,精元,-164,"-1,796",42.9,(-0.81%),"1,073"
3413,京鼎,-164,-753,325,(1.09%),"1,433"
4915,致伸,-161,"-3,351",76.4,(0.92%),"1,426"
1584,精剛,-160,-69,23.3,(-1.48%),895
6533,晶心科,-158,"-1,186",276,(0.18%),540
4714,永捷,-154,"-6,541",19.4,(1.31%),"2,678"
3685,元創精密,-152,"-1,148",42.5,(-1.51%),"1,251"
6919,康霈*,-152,"-1,102",159,(-1.85%),"4,906"
3221,台嘉碩,-150,-661,25.05,(9.63%),"5,582"
2010,春源,-149,"-2,710",19.45,(-0.26%),"1,089"
2201,裕隆,-149,"-2,043",32.7,(-0.61%),"1,444"
2393,億光,-147,309,61.8,(-1.44%),"1,056"
1711,永光,-146,"-2,895",19,(-0.26%),"2,422"
8249,菱光,-146,-692,55.5,(2.02%),"2,204"
1449,佳和,-145,"-1,338",11.7,(-1.68%),594
3545,敦泰,-145,"-2,911",60.8,(-1.14%),"1,012"
6221,晉泰,-144,-122,53.4,(-2.02%),722
8059,凱碩,-142,"-1,574",24.5,(-1.41%),750
1451,年興,-141,-290,17.15,(-0.58%),415
5508,永信建,-141,"-3,439",75.7,(-1.94%),621
2607,榮運,-139,-162,56.9,(-1.9%),"1,183"
4147,中裕,-139,"-1,386",72.3,(-1.63%),692
2034,允強,-137,"-2,718",20,(-0.99%),975
8076,伍豐,-137,-601,24.7,(-0.6%),578
5274,信驊,-135,10,5330,(-5.24%),418
3051,力特,-134,"-1,129",20.2,(-0.98%),764
1616,億泰,-132,"2,010",35.15,(-1.13%),"1,564"
6125,廣運,-132,647,72.2,(-1.37%),956
4726,永昕,-132,-337,34.5,(-2.27%),350
5438,東友,-131,"-1,508",24,(1.69%),"1,094"
4966,譜瑞-KY,-131,182,762,(-0.91%),657
2323,中環,-130,"5,747",9.11,(0%),"1,800"
3029,零壹,-130,"-2,704",112,(0.45%),657
1721,三晃,-129,246,12.4,(-1.2%),514
3466,德晉,-129,"-1,036",44.05,(-2.65%),739
6235,華孚,-128,164,71.1,(0.57%),"2,515"
1227,佳格,-127,"2,219",32.35,(-2.27%),725
3526,凡甲,-126,-387,247.5,(-0.8%),419
9802,鈺齊-KY,-126,-531,103.5,(-0.96%),"1,368"
3257,虹冠電,-125,-324,71.5,(0.7%),"1,781"
3479,安勤,-125,151,113.5,(-2.58%),555
6548,長科*,-125,"-5,174",37.25,(-2.49%),"3,777"
6768,志強-KY,-124,"1,448",117,(-2.09%),"1,087"
1305,華夏,-123,-292,11.3,(-1.74%),531
6469,大樹,-123,"-1,073",114,(-1.72%),370
6026,福邦證,-123,383,11.55,(-0.43%),493
3036,文曄,-122,"-1,012",133.5,(1.14%),"3,334"
3047,訊舟,-122,"-1,325",17.85,(-0.28%),"1,049"
3289,宜特,-122,"-1,021",118,(-0.42%),707
6667,信紘科,-121,"-1,532",260.5,(-0.76%),484
6649,台生材,-121,-569,69.6,(-5.05%),532
1476,儒鴻,-120,319,425,(-2.07%),519
5534,長虹,-120,"-1,387",77.1,(-1.03%),538
5245,智晶,-120,-142,24.05,(0.63%),469
6753,龍德造船,-119,"-1,149",130.5,(-3.33%),"1,642"
8155,博智,-119,-189,160.5,(0.31%),"1,360"
2905,三商,-118,-818,12.55,(-2.33%),"1,019"
3708,上緯投控,-117,"-2,511",112,(0.45%),887
2348,海悅,-115,-622,85.3,(-1.16%),585
1708,東鹼,-114,"-1,116",30.3,(-0.33%),653
3056,富華新,-114,"-2,060",19.95,(0.25%),871
3008,大立光,-112,-889,2210,(0%),435
6269,台郡,-111,"-1,292",61.8,(-0.48%),"1,387"
6151,晉倫,-111,-469,27.65,(-1.95%),261
6265,方土昶,-110,168,13.2,(-2.58%),"3,463"
2540,愛山林,-109,"-5,934",50.5,(0%),788
6209,今國光,-107,"4,430",40.2,(1.64%),"2,711"
1723,中碳,-106,301,84.4,(-0.94%),334
1714,和桐,-106,977,8.23,(-0.36%),"1,388"
2308,台達電,-106,"-5,029",1015,(1.6%),"11,884"
1786,科妍,-106,-445,94.1,(-2.28%),504
2727,王品,-105,-911,223,(-0.67%),326
6472,保瑞,-104,"-1,466",641,(-0.77%),553
2236,百達-KY,-103,-420,89.3,(5.06%),"1,607"
6657,華安,-103,-212,49.3,(-2.38%),366
1529,樂事綠能,-102,"-1,085",21.15,(-0.24%),641
2734,易飛網,-102,-270,20.15,(-3.13%),618
3609,三一東林,-102,-371,51,(-1.92%),435
4306,炎洲,-102,"-3,339",13.6,(-1.45%),975
6727,亞泰金屬,-101,-122,182,(-3.96%),563
6994,富威電力,-101,29,93.4,(-2.91%),247
1447,力鵬,-100,-260,5.66,(0.18%),568
2465,麗臺,-100,44,71.7,(-4.78%),"1,109"
4114,健喬,-100,"-1,302",33.95,(-0.59%),519
1473,台南,-99,328,31.15,(-2.66%),644
912000,晨訊科-DR,-98,828,2.95,(-0.67%),760
6560,欣普羅,-97,-298,42.8,(-5.2%),341
8215,明基材,-97,"-1,665",22.6,(0.22%),630
4755,三福化,-96,-360,116.5,(-2.1%),470
5269,祥碩,-96,-845,1435,(-0.35%),418
6170,統振,-96,-879,49.9,(0.6%),556
6443,元晶,-96,-342,14,(-0.36%),"2,198"
6223,旺矽,-93,723,1825,(-1.35%),999
3623,富晶通,-91,-21,22.6,(-2.59%),434
4958,臻鼎-KY,-91,"-3,350",150,(1.35%),"4,568"
1810,和成,-90,"-2,835",18.8,(-1.31%),"1,115"
3005,神基,-90,283,139,(0%),"1,634"
3592,瑞鼎,-88,-899,249,(-1.39%),625
1309,台達化,-87,96,11.15,(-2.19%),489
2613,中櫃,-87,"-2,592",25.2,(-0.59%),711
6015,宏遠證,-87,170,10.9,(-0.46%),405
6890,來億-KY,-87,435,234.5,(-1.05%),531
2106,建大,-86,"-1,407",20.05,(-1.23%),286
8454,富邦媒,-85,-694,234.5,(-0.64%),222
3372,典範,-84,-1,18.05,(-2.43%),841
6111,大宇資,-84,-159,49.85,(-0.5%),433
7738,東聯互動,-84,-88,201,(-4.51%),403
5234,達興材料,-83,"-1,756",360,(-0.55%),"1,043"
2736,富野,-82,-204,15.85,(0%),872
3036,文曄甲特,-82,-469,51,(0%),499
3004,豐達科,-82,357,120.5,(0%),410
3324,雙鴻,-81,"1,130",979,(1.14%),"4,839"
2015,豐興,-80,-140,63.9,(-0.62%),361
1313,聯成,-77,"3,221",10.3,(-1.44%),"1,485"
2017,官田鋼,-77,-370,9,(-0.88%),625
4961,天鈺,-76,-830,157.5,(-0.32%),670
6244,茂迪,-76,-766,16.85,(0%),876
3024,憶聲,-75,"-3,409",11.95,(0%),627
6016,康和證,-75,"-1,928",12.75,(0%),659
2342,茂矽,-74,"-2,161",31.7,(1.93%),"3,943"
2431,聯昌,-74,-870,13.2,(4.76%),"1,790"
9939,宏全,-74,"-2,449",129.5,(0.78%),"1,069"
8105,凌巨,-74,"-3,407",12.25,(-0.41%),"1,009"
5498,凱崴,-73,"-1,929",19.6,(4.53%),"4,663"
5904,寶雅,-72,-629,441.5,(0.34%),191
6592,和潤企業,-72,-702,64.4,(-1.38%),273
6841,長佳智能,-72,"-1,395",66.7,(-1.04%),203
6526,達發,-71,-484,506,(0.2%),310
1440,南紡,-69,"-1,870",12.85,(0%),414
1809,中釉,-69,-979,18.8,(-1.31%),587
6669,緯穎,-69,819,3880,(2.51%),"1,472"
1717,長興,-68,"5,090",38.55,(-1.28%),"5,102"
1519,華城,-67,-456,589,(-1.01%),"2,672"
7610,聯友金屬-創,-67,-732,103.5,(-2.36%),335
3090,日電貿,-66,"1,723",81.1,(3.05%),"14,412"
4164,承業醫,-66,"-1,964",43.9,(-1.35%),652
8935,邦泰,-66,"-1,280",21.15,(-0.47%),430
1736,喬山,-65,-766,160,(0.95%),357
1907,永豐餘,-65,"1,301",25.85,(-1.34%),609
2108,南帝,-64,-772,23.25,(-1.06%),510
2429,銘旺科,-64,"-5,858",105.5,(-3.65%),"1,025"
3048,益登,-64,"-1,336",35.2,(-0.28%),"1,806"
9902,台火,-64,"-1,316",15.3,(0%),412
6189,豐藝,-64,"-1,120",47.95,(-1.34%),425
2231,為升,-63,247,112,(-1.75%),507
9938,百和,-63,573,58.2,(-0.34%),978
4133,亞諾法,-61,-73,25.1,(-2.14%),270
2534,宏盛,-61,-448,21.45,(-0.69%),480
2611,志信,-61,-756,15.25,(-0.65%),401
3402,漢科,-60,"-3,143",124,(0%),602
6456,GIS-KY,-60,"-1,149",52,(0.39%),829
6885,全福生技,-60,-186,32.5,(-1.52%),405
5283,禾聯碩,-59,-314,68.5,(0.29%),381
4533,協易機,-58,176,21.8,(-1.13%),432
3596,智易,-58,-830,209,(-1.18%),293
4770,上品,-58,-870,254,(-0.78%),327
6215,和椿,-58,-918,114.5,(-0.43%),843
6982,大井泵浦,-58,-237,67.8,(-1.31%),219
2745,五福,-56,-147,114,(-0.87%),274
2364,倫飛,-56,-846,70,(-0.85%),172
2739,寒舍,-56,-16,38,(-1.3%),264
3665,貿聯-KY,-56,753,1290,(-0.39%),"3,045"
6112,邁達特,-56,381,49.75,(-0.2%),486
1234,黑松,-55,-385,37.5,(-0.4%),243
1612,宏泰,-55,"8,950",38.2,(-0.13%),"1,051"
3218,大學光,-55,-873,140,(-1.75%),307
2462,良得電,-55,-297,23.3,(-2.31%),219
8201,無敵,-55,-204,14.7,(-2.65%),195
6409,旭隼,-55,-534,1140,(6.05%),"1,732"
1806,冠軍,-54,-606,9.1,(-0.55%),402
3339,泰谷,-54,"-1,495",28.6,(-1.55%),422
4108,懷特,-54,-198,14.25,(-2.4%),168
2545,皇翔,-54,-26,41.25,(-1.55%),630
5355,佳總,-54,"-1,727",6.65,(-2.78%),486
6109,亞元,-54,-538,13.5,(-3.91%),"1,484"
6515,穎崴,-54,674,2395,(-1.03%),790
6877,鏵友益,-54,297,93,(-0.64%),311
6937,天虹,-54,-683,284,(0%),662
6739,竹陞科技,-53,-598,792,(-2.1%),653
6412,群電,-53,-341,98.6,(-1.4%),472
1325,恆大,-52,-135,29.6,(-0.17%),266
2444,兆勁,-52,-211,11.5,(-1.29%),188
2357,華碩,-51,-294,686,(0.15%),"2,220"
2719,燦星旅,-51,-69,34.2,(-1.58%),210
6279,胡連,-51,"-1,303",126,(-0.79%),263
6538,倉和,-51,-207,73.6,(-1.21%),168
7740,熙特爾-創,-51,-122,211.5,(-1.86%),136
1591,駿吉-KY,-50,-510,51.4,(-0.19%),580
3533,嘉澤,-50,-755,1390,(0.36%),884
6150,撼訊,-50,-760,80.1,(-2.32%),489
8436,大江,-50,-684,113,(-0.88%),343
2399,映泰,-49,"-8,660",21.35,(1.18%),"3,121"
2897,王道銀行,-49,"-2,321",9.03,(-0.44%),"2,212"
6152,百一,-49,"-1,312",8.86,(-0.45%),310
4551,智伸科,-49,357,148,(-1.99%),785
1342,八貫,-47,-326,82.9,(-0.48%),199
2480,敦陽科,-47,-429,165,(-0.6%),187
3003,健和興,-47,-414,50.2,(0.7%),328
6222,立軒,-47,-47,20,(-3.61%),617
6901,鑽石投資,-47,-923,18.2,(-1.09%),512
7751,竑騰,-46,"-1,033",478.5,(-3.33%),266
9946,三發地產,-46,-459,18.05,(-0.82%),261
2061,風青,-45,-380,19.1,(0%),278
2369,菱生,-45,"-4,484",20.45,(-1.45%),"6,568"
2012,春雨,-45,-144,15.85,(-1.86%),94
2493,揚博,-45,"-2,408",91,(-0.22%),434
2453,凌群,-45,-884,57.6,(0%),607
3346,麗清,-45,-587,21.4,(-0.93%),243
2314,台揚,-44,-566,22.9,(-6.34%),589
3680,家登,-44,-307,340,(0.29%),489
4173,久裕,-44,-455,23.8,(-0.63%),146
5287,數字,-44,-55,174.5,(-0.85%),97
4766,南寶,-44,"-1,337",365.5,(0.14%),440
6834,天二科技,-44,-111,30.25,(2.89%),"1,156"
2420,新巨,-43,-672,50.2,(0.5%),207
2548,華固,-43,902,103.5,(-0.96%),"1,313"
4946,辣椒,-43,-137,127,(-1.93%),122
6903,巨漢,-43,162,151,(0.67%),534
6550,北極星藥業-KY,-42,-922,35.8,(-0.56%),332
6838,台新藥,-42,-344,29.45,(-1.83%),167
1784,訊聯,-41,-765,84,(-1.52%),407
2059,川湖,-41,179,3750,(-0.27%),361
2007,燁興,-41,-315,7.57,(-0.26%),168
3176,基亞,-41,-225,29.15,(-1.85%),268
4953,緯軟,-41,845,120,(-0.41%),461
6782,視陽,-41,-569,187.5,(-1.06%),244
2020,美亞,-40,-769,23.45,(-0.42%),204
3209,全科,-40,-782,30.7,(-0.65%),422
6239,力成,-40,"3,222",156,(1.63%),"3,062"
1442,名軒,-39,"-1,642",36,(0.14%),"1,481"
1732,毛寶,-39,90,28.4,(-1.39%),160
2538,基泰,-39,"-1,263",10.6,(-0.93%),209
4722,國精化,-39,"3,973",208,(1.96%),470
5905,南仁湖,-39,"-3,300",10.1,(-0.98%),639
8027,鈦昇,-39,-837,86,(0.35%),428
2497,怡利電,-38,137,43.55,(-1.02%),261
3213,茂訊,-38,"-1,231",106,(0%),208
3653,健策,-38,-175,2265,(1.34%),"1,194"
4739,康普,-38,-483,66.7,(-0.89%),630
1789,神隆,-37,"-2,168",18.1,(-0.55%),489
6184,大豐電,-37,-703,48.35,(-0.31%),199
8114,振樺電,-37,-398,205,(-2.15%),204
3550,聯穎,-36,-216,14.1,(-0.7%),160
8072,陞泰,-36,-100,32.35,(-1.37%),238
2390,云辰,-35,-210,10.05,(-1.47%),364
1707,葡萄王,-34,-635,123,(-0.4%),127
1217,愛之味,-34,-807,10.35,(-0.48%),292
2511,太子,-34,"-1,330",9.04,(0.11%),494
4440,宜新實業,-34,-4,22.05,(-0.68%),656
6561,是方,-34,-431,384,(-0.9%),116
6643,M31,-34,-42,418,(-1.65%),277
8147,正淩,-34,129,116,(-0.85%),143
5706,鳳凰,-34,-357,53,(-1.12%),199
7714,創泓科技,-34,-285,125.5,(-2.33%),128
3528,安馳,-33,553,74.7,(-0.8%),409
6546,正基,-33,-825,70,(-0.43%),173
6640,均華,-33,-775,635,(-0.63%),164
8150,南茂,-33,"2,674",32.45,(3.34%),"9,850"
8499,鼎炫-KY,-33,104,275,(-3.34%),238
1760,寶齡富錦,-32,-336,65.7,(-1.05%),120
1537,廣隆,-32,-178,124.5,(-1.19%),149
2483,百容,-32,-42,20.15,(1.51%),208
3217,優群,-32,634,176,(0.57%),404
4167,松瑞藥,-32,-907,17.2,(0%),438
6670,復盛應用,-32,-607,246,(-0.81%),249
5481,新華,-32,-221,20.4,(-3.09%),665
3044,健鼎,-31,"1,343",317,(0.48%),"1,713"
5284,jpp-KY,-31,206,275,(0%),682
6596,寬宏藝術,-31,-334,148.5,(-0.67%),259
4109,加捷生醫,-31,-273,15.2,(0%),178
1506,正道,-30,-154,12.85,(0.39%),310
2207,和泰車,-30,-172,570,(-1.38%),141
6248,沛波,-30,-64,20,(-1.72%),169
5533,皇鼎,-30,-336,14.7,(0.68%),648
6591,動力-KY,-30,-276,78.8,(-0.13%),621
1776,展宇,-29,-5,15.15,(-2.57%),139
2022,聚亨,-29,-16,7.9,(-1.13%),246
1294,漢田生技,-29,-36,76.3,(-1.55%),149
3416,融程電,-29,-408,165,(0%),249
2645,長榮航太,-29,"-4,382",153,(0%),"1,568"
4716,大立,-29,-242,15.05,(0%),233
6165,浪凡,-29,171,53.7,(-1.29%),436
8109,博大,-29,-204,95.7,(-1.03%),191
6761,穩得,-29,"-1,172",136,(1.49%),427
1734,杏輝,-28,336,31.85,(-0.62%),228
2850,新產,-28,-395,116,(0%),187
3693,營邦,-28,66,265,(-1.12%),484
6609,瀧澤科,-28,-391,36.55,(-0.27%),198
9905,大華,-28,-671,20.25,(-0.49%),124
8085,福華,-28,-416,19.3,(0.78%),269
5519,隆大,-28,-555,28.1,(-0.53%),221
4130,健亞,-27,-742,19.75,(-1%),101
6141,柏承,-27,-169,11.25,(-1.32%),176
1614,三洋電,-26,-167,35.5,(-1.39%),165
2349,錸德,-26,"-3,637",9.89,(-0.3%),"1,425"
2458,義隆,-26,"1,167",128,(0.79%),928
2467,志聖,-26,-476,181,(0%),488
4138,曜亞,-26,-104,65.8,(-1.35%),76
4577,達航科技,-26,-574,32.3,(0.31%),354
5531,鄉林,-26,-870,9.08,(0%),287
6605,帝寶,-26,-959,128,(-0.78%),395
6692,進能服,-26,-17,35.15,(5.4%),335
8937,合騏,-26,-883,158,(-2.17%),148
1466,聚隆,-25,328,18.65,(0.27%),"1,016"
2233,宇隆,-25,"-1,120",223,(2.29%),"1,312"
3597,映興,-25,178,29.1,(0%),110
2731,雄獅,-24,-221,162.5,(-0.31%),538
2929,淘帝-KY,-24,-469,8.76,(-1.24%),272
3535,晶彩科,-24,"-2,156",75.6,(-0.26%),"1,745"
5530,龍巖,-24,-379,54,(-0.37%),173
5871,中租-KY甲特,-24,-39,101.5,(-0.49%),224
5488,松普,-24,8,10.1,(-0.49%),115
6683,雍智科技,-24,-428,385,(0.52%),248
9941,裕融,-24,91,98.4,(-0.71%),496
6263,普萊德,-24,-249,131.5,(-1.5%),106
1540,喬福,-23,-490,22.9,(-0.87%),208
2029,盛餘,-23,-110,21.85,(-0.23%),139
3615,安可,-23,-77,22.8,(0%),241
4168,醣聯,-23,-479,23.6,(0%),210
4174,浩鼎,-23,-31,26.35,(-0.94%),677
6281,全國電,-23,-113,67.6,(0%),85
4707,磐亞,-23,-834,9.71,(-0.41%),111
8349,恒耀,-23,-30,45.85,(-0.11%),147
1232,大統益,-22,-330,145.5,(0.69%),110
3265,台星科,-22,-924,92.8,(0.32%),324
5315,光聯,-22,"-1,348",21.5,(0%),390
6224,聚鼎,-22,-718,46.3,(3.35%),671
6674,鋐寶科技,-22,-12,20.2,(-2.88%),106
8924,大田,-22,60,69.8,(-0.71%),106
4543,萬在,-22,-239,23,(-0.65%),129
1460,宏遠,-21,-138,5.81,(-0.85%),297
2440,太空梭,-21,-107,12.2,(0%),157
3093,港建*,-21,-130,25.05,(-0.79%),74
4119,旭富,-21,-96,58.1,(-1.69%),127
6231,系微,-21,-724,228.5,(-0.44%),270
6499,益安,-21,407,123.5,(-2.37%),673
4155,訊映,-21,-322,14.45,(0.7%),184
9930,中聯資源,-21,-585,68.8,(-0.86%),95
2206,三陽工業,-20,-684,60.6,(-0.66%),683
1256,鮮活果汁-KY,-20,-12,147.5,(-1.99%),67
2065,世豐,-20,-73,29.05,(-0.68%),63
3322,建舜電,-20,-249,13.5,(-0.37%),188
4924,欣厚-KY,-20,-51,12.6,(-4.55%),83
4942,嘉彰,-20,-68,36.25,(0.14%),779
7788,松川精密,-20,-241,114.5,(-2.97%),359
6140,訊達,-20,-156,31.9,(-0.93%),283
1799,易威,-19,-356,44.55,(1.25%),90
4137,麗豐-KY,-19,-580,101,(0.5%),124
6508,惠光,-19,-47,24.25,(0.21%),87
6186,新潤,-19,"-1,271",57.6,(0.35%),246
8341,日友,-19,-198,79.5,(-0.87%),229
8942,森鉅,-19,-691,34.2,(-0.44%),175
4129,聯合,-19,187,122.5,(-1.21%),209
6414,樺漢,-19,-65,295.5,(-0.67%),290
6913,鴻呈,-19,-147,143,(-0.35%),320
6944,兆聯實業,-19,-412,556,(0%),298
8932,智通*,-19,"-1,312",206,(-0.48%),"1,473"
1615,大山,-18,-236,45.7,(-0.65%),166
2070,精湛,-18,-322,42.8,(-1.15%),142
2883,凱基金乙特,-17,-81,7.7,(0%),977
3450,聯鈞,-17,"-2,509",272,(7.72%),"20,255"
3625,西勝,-17,"-1,835",29.1,(-2.51%),"2,235"
8487,愛爾達-創,-17,-17,77.6,(-3.12%),143
8478,東哥遊艇,-17,-556,196,(-0.25%),173
4585,達明,-17,"-2,990",395.5,(1.15%),352
6965,中傑-KY,-17,-22,92.6,(-1.59%),107
1565,精華,-16,-237,130.5,(-0.76%),114
2414,精技,-16,-347,42.35,(-0.12%),71
2612,中航,-16,875,56.8,(-1.73%),"1,427"
2755,揚秦,-16,-280,114.5,(0.44%),68
4572,駐龍,-16,-146,165.5,(-0.3%),64
6741,91APP*-KY,-16,-449,74.1,(0.95%),162
8171,天宇,-16,-32,28.25,(-1.74%),115
8045,達運光電,-16,-249,88.2,(-0.79%),151
2032,新鋼,-15,-50,14.65,(-0.68%),148
2247,汎德永業,-15,-106,294.5,(1.2%),154
3444,利機,-15,-221,58.3,(1.39%),269
5484,慧友,-15,106,42.4,(-0.35%),206
6233,旺玖,-15,-54,21.2,(0%),198
3689,湧德,-15,"-2,242",92.7,(-0.32%),792
6923,中台,-15,"-1,576",104.5,(-3.69%),"2,168"
2438,翔耀,-14,-30,23.5,(1.29%),74
2230,泰茂,-14,-198,99.1,(-0.7%),178
2832,台產,-14,349,35.9,(0.56%),661
4417,金洲,-14,164,51.5,(-1.34%),153
6582,申豐,-14,-240,34.85,(-2.92%),327
4909,新復興,-14,286,50.9,(2.83%),953
8162,微矽電子-創,-14,-209,38,(-0.78%),180
6735,美達科技,-14,-24,70.8,(-3.54%),77
2038,海光,-13,120,15.25,(0%),150
3169,亞信,-13,135,98.6,(-0.8%),89
3490,單井,-13,-25,23.4,(-0.43%),286
3131,弘塑,-13,"-1,020",1555,(0.32%),724
3583,辛耘,-13,"-3,782",370.5,(0.14%),513
6585,鼎基,-13,-173,93.3,(0.32%),134
7765,中華資安,-13,-187,292,(-0.68%),45
9917,中保科,-13,"-2,283",109,(0.93%),315
8213,志超,-13,-22,34.35,(-0.15%),206
1337,再生-KY,-12,-3,5.07,(-1.17%),126
1503,士電,-12,"-1,464",175.5,(-0.85%),554
3454,晶睿,-12,-314,84.2,(-1.06%),71
3520,華盈,-12,-42,18.05,(-0.82%),506
2616,山隆,-12,-103,14.2,(-0.35%),60
2723,美食-KY,-12,"-1,076",70.3,(-0.85%),168
3211,順達,-12,"-2,331",315,(-0.16%),"2,296"
3492,長盛,-12,-56,24.05,(-0.41%),112
4105,東洋,-12,-96,81.6,(0.25%),962
6504,南六,-12,-18,44.8,(-3.45%),99
5211,蒙恬,-12,49,29.75,(-2.46%),70
6229,研通,-12,-86,23.95,(-0.42%),41
6425,易發,-12,-90,67.1,(0.15%),345
7705,三商餐飲,-12,-233,40.35,(-1.71%),57
7715,裕山,-12,-99,33,(-1.35%),80
8034,榮群,-12,-857,19.85,(-0.25%),181
8049,晶采,-12,-74,26,(-0.38%),107
5468,凱鈺,-12,-118,21.05,(-4.32%),212
6577,勁豐,-12,-72,67.5,(-2.03%),45
7750,新代,-12,411,818,(-0.97%),48
6918,愛派司,-12,-70,86.4,(-1.71%),82
1295,生合,-11,-343,105.5,(-1.86%),287
2509,全坤建,-11,-280,14.8,(-0.34%),84
3141,晶宏,-11,-901,45.1,(0.22%),320
3230,錦明,-11,"-1,114",53.1,(0.19%),477
3664,安瑞-KY,-11,-74,19.15,(-0.78%),62
4513,福裕,-11,-903,18.45,(-0.81%),250
2748,雲品,-11,-246,44.9,(0.45%),118
3373,熱映,-11,19,19.1,(-1.29%),73
3508,位速,-11,-129,23.6,(-0.42%),88
4571,鈞興-KY,-11,-518,159.5,(-0.62%),261
6160,欣技,-11,-534,20,(0%),75
6689,伊雲谷,-11,-239,70.5,(-0.56%),126
6756,威鋒電子,-11,-216,86,(-0.35%),90
8464,億豐,-11,-672,397,(0.63%),565
4951,精拓科,-11,-245,71.8,(1.13%),112
6234,高僑,-11,-120,22.55,(-0.66%),195
6732,昇佳電子,-11,-164,200,(-0.99%),164
1321,大洋,-10,-62,35.7,(-0.56%),103
1762,中化生,-10,-153,25.45,(-0.59%),59
3050,鈺德,-10,-396,12.25,(-0.81%),534
3557,嘉威,-10,-92,37.8,(-0.79%),63
2718,全心投控,-10,5,57.6,(-0.86%),57
3546,宇峻,-10,-378,78.8,(0.25%),171
3570,大塚,-10,-67,188.5,(0%),38
4545,銘鈺,-10,-111,32,(-1.39%),105
5228,鈺鎧,-10,-18,19,(9.83%),131
5340,建榮,-10,322,47.8,(1.27%),"1,030"
6612,奈米醫材,-10,-43,88.2,(-1.34%),79
6552,易華電,-10,-30,26.4,(-2.04%),49
4188,安克,-10,-23,15.6,(-1.89%),54
4534,慶騰,-10,-633,15.95,(-0.31%),174
4952,凌通,-10,-249,39.7,(0%),71
6971,惠民實業,-10,-71,35.2,(-2.49%),60
1419,新紡,-9,-47,57.9,(3.95%),945
1474,弘裕,-9,-47,11.35,(0%),140
2030,彰源,-9,30,13.95,(-0.36%),161
2380,虹光,-9,121,6.35,(-1.09%),135
2524,京城,-9,-135,43.35,(-1.14%),262
2536,宏普,-9,-286,26.05,(0%),106
3287,廣寰科,-9,-153,32.2,(0.16%),132
3438,類比科,-9,-15,48.7,(6.33%),259
3631,晟楠,-9,-172,26.65,(-3.27%),255
6693,廣閎科,-9,-23,67.2,(-0.88%),86
6416,瑞祺電通,-9,-266,83.8,(-0.48%),112
8240,華宏,-9,-228,34.45,(-0.14%),136
4503,金雨,-9,-462,49.7,(-0.5%),191
6829,千附精密,-9,-331,118,(0.85%),89
1432,大魯閣,-8,-8,17.4,(0.58%),58
1595,川寶,-8,14,36.2,(-0.41%),96
1517,利奇,-8,"-1,117",13.3,(1.92%),930
2425,承啟,-8,-305,29.6,(0%),323
3548,兆利,-8,-618,99.3,(0.61%),302
3622,洋華,-8,339,54.8,(-1.08%),162
5222,全訊,-8,"1,416",145.5,(-2.35%),"1,084"
5203,訊連,-8,-304,95.3,(-0.1%),86
6122,擎邦,-8,-823,45.7,(0.22%),82
6569,醫揚,-8,-50,128.5,(-1.15%),88
8401,白紗科,-8,-21,28.7,(-0.17%),41
9911,櫻花,-8,-556,84.8,(0%),128
6261,久元,-8,-236,59,(0.51%),102
6742,澤米,-8,-654,48.75,(0.41%),195
6776,展碁國際,-8,-297,52.1,(0.39%),39
8050,廣積,-8,-175,50.4,(-0.79%),181
8437,大地-KY,-8,-32,17.35,(0.29%),57
9927,泰銘,-8,-229,54.2,(0%),156
1453,大將,-7,-20,13.2,(-1.12%),48
3152,璟德,-7,-411,114,(1.79%),93
2527,宏璟,-7,-458,23.8,(0.21%),177
2701,萬企,-7,-4,11.15,(0%),130
2906,高林,-7,-127,13.85,(0%),123
3467,台灣精材,-7,-82,40.55,(-3.22%),29
3555,博士旺,-7,191,87,(-3.01%),248
4205,中華食,-7,-57,86.2,(-0.69%),39
4588,玖鼎電力,-7,-97,59.8,(-0.5%),37
4911,德英,-7,-50,48.2,(-0.31%),37
6625,必應,-7,-241,81.8,(-0.12%),82
6613,朋億*,-7,-288,171.5,(0%),85
6790,永豐實,-7,-219,38.6,(0.13%),71
7712,博盛半導體,-7,-19,136,(0.74%),97
7721,微程式,-7,-221,61,(-0.16%),74
8415,大國鋼,-7,-47,33.65,(-0.59%),144
3713,新晶投控,-7,-145,23.8,(0.21%),76
6216,居易,-7,-286,26.9,(-0.55%),131
6957,裕慶-KY,-7,137,185.5,(-1.33%),136
8032,光菱,-7,-313,40.6,(1.12%),95
9103,美德醫療-DR,-7,-32,4.78,(-0.83%),209
1587,吉茂,-6,172,40.8,(0.37%),448
1617,榮星,-6,-377,15.5,(-0.64%),97
1720,生達,-6,-623,54.9,(-0.36%),83
2642,宅配通,-6,-54,30.65,(0.16%),130
3577,泓格,-6,2,67.1,(0.3%),70
2546,根基,-6,-34,86.3,(-0.8%),49
2505,國揚,-6,-145,18.3,(-0.54%),141
3083,網龍,-6,-30,32.5,(-0.46%),63
3710,連展投控,-6,-823,8.85,(-0.56%),402
4768,晶呈科技,-6,"1,341",267,(4.5%),665
6568,宏觀,-6,-15,113.5,(0.89%),43
6720,久昌,-6,1,123.5,(-2.76%),56
6859,伯特光,-6,-86,106,(0.47%),118
6108,競國,-6,107,14.75,(-1.01%),180
6113,亞矽,-6,-191,20.5,(0.49%),128
8438,昶昕,-6,26,31.5,(-0.32%),104
5278,尚凡*,-6,-391,32.55,(0.31%),125
5312,寶島科,-6,-438,97.4,(-0.81%),42
6179,亞通,-6,"-3,558",30.35,(-1.62%),474
6199,天品,-6,-277,89.8,(-2.18%),63
6752,叡揚,-6,-81,129,(0%),32
8048,德勝,-6,91,46.1,(-1.07%),63
8440,綠電,-6,-150,24.85,(0.81%),123
8067,志旭,-6,-99,15.4,(-6.95%),42
1906,寶隆,-5,17,12.7,(-1.55%),28
3066,李洲,-5,-49,14.2,(-1.39%),47
3332,幸康,-5,6,54.3,(2.07%),165
3484,崧騰,-5,-304,48.95,(0.1%),161
3527,聚積,-5,-121,60.4,(0.83%),68
2886,兆豐金,-5,"9,498",41.75,(0.48%),"7,347"
3010,華立,-5,-976,92.5,(0.43%),304
3284,太普高,-5,-382,21.55,(-0.46%),82
4162,智擎,-5,40,67.4,(0%),354
3038,全台,-5,-231,20.2,(0%),187
3105,穩懋,-5,"-3,084",95.5,(0.63%),"1,970"
4580,捷流閥業,-5,-67,84.3,(-0.94%),53
5388,中磊,-5,"-1,699",98,(0%),545
6264,富裔,-5,-7,7.63,(-1.04%),77
6690,安碁資訊,-5,-93,173,(-0.57%),26
6811,宏碁資訊,-5,-162,233,(0.65%),78
8091,翔名,-5,-317,108,(0.47%),87
8367,建新國際,-5,-49,43.5,(-0.8%),37
4972,湯石照明,-5,-128,18.1,(-0.55%),90
5386,青雲,-5,-124,65.6,(-0.61%),132
5704,老爺知,-5,-5,27.2,(-1.81%),40
5903,全家,-5,-103,192,(-0.52%),66
7703,銳澤,-5,-310,226,(0.22%),124
8446,華研,-5,-477,95,(0.96%),60
8472,夠麻吉,-5,-43,82.2,(-0.6%),69
6949,沛爾生醫-創,-5,-52,362.5,(0.97%),89
8089,康全電訊,-5,-315,31.65,(0%),162
8107,大億金茂,-5,-132,15.2,(-0.33%),58
1338,廣華-KY,-4,-47,21.5,(-0.69%),56
1515,力山,-4,-531,28.25,(0.89%),112
1709,和益,-4,202,16.85,(-0.3%),257
2228,劍麟,-4,"-2,108",96.9,(1.36%),410
1264,德麥,-4,-33,292,(-0.34%),13
1526,日馳,-4,-365,18.95,(-2.07%),271
3188,鑫龍騰,-4,-194,27.6,(-0.54%),101
3338,泰碩,-4,-34,55.9,(-1.06%),209
3171,炎洲流通,-4,-24,55.2,(-1.6%),36
3306,鼎天,-4,"1,014",61.3,(0%),483
3419,譁裕,-4,-15,14.1,(0%),209
3228,金麗科,-4,-388,146,(0%),144
3232,昱捷,-4,-41,26.1,(-1.51%),50
3552,同致,-4,-160,62.5,(-1.11%),178
6024,群益期,-4,-209,49.1,(-0.1%),113
6573,虹揚-KY,-4,-1,9.81,(-1.9%),37
5285,界霖,-4,-819,50.5,(-0.98%),238
6164,華興,-4,-178,10.1,(-0.49%),143
6218,豪勉,-4,-76,19.45,(0%),90
6570,維田,-4,-3,42.55,(-1.5%),78
8489,三貝德,-4,268,47.65,(-1.95%),222
9937,全國,-4,-2,57.4,(-2.38%),147
6270,倍微,-4,-75,21.6,(0.7%),110
9908,大台北,-4,-165,29.95,(0.17%),39
9914,美利達,-4,"-1,614",103,(0.49%),456
7722,LINEPAY,-4,-71,570,(0%),27
8467,波力-KY,-4,-236,154,(0.98%),47
911868,同方友友-DR,-4,-152,1.3,(0%),390
1417,嘉裕,-3,49,8.23,(0.12%),111
1457,宜進,-3,-20,16.45,(0.61%),76
1531,高林股,-3,15,12.05,(-0.41%),98
3227,原相,-3,"-2,574",237,(1.07%),"1,924"
3266,昇陽,-3,-17,13.65,(-0.36%),55
3224,三顧,-3,9,44.45,(-2.84%),47
2514,龍邦,-3,-69,14.7,(-0.34%),152
3092,鴻碩,-3,-268,15.05,(-0.33%),121
3130,一零四,-3,-32,222,(-0.22%),37
5011,久陽,-3,-70,10.85,(-1.36%),79
5609,中菲行,-3,-220,78.6,(-0.25%),60
6115,鎰勝,-3,-48,47,(0.53%),43
4735,豪展,-3,-17,32.45,(-1.37%),44
6292,迅德,-3,-113,41.25,(2.61%),73
6743,安普新,-3,-145,30.1,(0.5%),81
6895,宏碩系統,-3,-678,263.5,(0%),676
6243,迅杰,-3,-213,33.45,(0.6%),101
6645,金萬林-創,-3,-18,21.8,(0.46%),247
6968,萬達寵物,-3,-94,59,(-0.17%),33
5701,劍湖山,-3,-8,4.15,(-2.35%),63
6441,廣錠,-3,-155,23.3,(0%),63
6654,天正國際,-3,-25,65.4,(-0.15%),99
6931,青松健康,-3,-3,51.3,(0.39%),40
8466,美吉吉-KY,-3,-71,23.25,(-2.31%),79
1236,宏亞,-2,286,24.95,(0.4%),182
1444,力麗,-2,"1,292",6.42,(-0.77%),357
1805,寶徠,-2,-102,10.05,(-1.47%),121
1437,勤益控,-2,-25,30.25,(0%),74
1454,台富,-2,-143,13.8,(-0.72%),19
2397,友通,-2,-209,68.8,(-0.29%),164
2345,智邦,-2,"-3,798",979,(2.41%),"3,020"
2430,燦坤,-2,-4,24.65,(0.2%),70
3360,尚立,-2,-124,12.45,(0.81%),83
2849,安泰銀,-2,-73,13.2,(0.38%),55
4104,佳醫,-2,-161,85.2,(0.24%),87
4113,聯上,-2,30,22.3,(-1.11%),50
2752,豆府,-2,-6,203,(0%),23
3022,威強電,-2,-223,67.5,(-0.15%),241
3178,公準,-2,-19,57.3,(-1.21%),25
3556,禾瑞亞,-2,-39,38.15,(-0.13%),35
2516,新建,-2,237,14.6,(-1.02%),124
2732,六角,-2,-23,75,(-1.32%),32
3032,偉訓,-2,-928,88.3,(-1.45%),768
4987,科誠,-2,-62,70.1,(0.43%),61
6192,巨路,-2,-287,100.5,(0%),45
4552,力達-KY,-2,-57,22.7,(0%),36
5306,桂盟,-2,169,91.7,(-0.54%),70
6719,力智,-2,-690,189,(0.27%),222
6294,智基,-2,-5,49.25,(0%),23
6792,詠業,-2,-63,54.5,(-0.55%),32
6953,家碩,-2,-35,208.5,(-2.11%),148
9919,康那香,-2,137,17.05,(-0.29%),142
7734,印能科技,-2,-224,970,(0.83%),23
8040,九暘,-2,-246,52.4,(0.58%),71
8272,全景軟體,-2,0,91.6,(-2.24%),43
8933,愛地雅,-2,-142,6.12,(-1.92%),102
4106,雃博,-2,-177,21.55,(-0.23%),33
4554,橙的,-2,33,31.5,(-1.25%),29
5434,崇越,-2,43,325.5,(0.62%),540
6909,創控,-2,-674,38.05,(0.13%),47
8477,創業家,-2,-4,11.9,(-3.64%),54
1533,車王電,-1,-46,31.35,(0.48%),28
1220,台榮,-1,34,12.9,(-1.15%),91
1516,川飛,-1,206,18.05,(-3.48%),119
1568,倉佑,-1,-119,22.75,(-0.22%),75
1580,新麥,-1,-52,136.5,(-1.09%),28
1788,杏昌,-1,-27,137.5,(-0.36%),10
1416,廣豐,-1,214,11.3,(0%),100
1586,和勤,-1,-16,25,(-2.15%),235
1626,艾美特-KY,-1,-11,11.3,(-1.31%),27
2109,華豐,-1,-437,15.25,(0%),71
1339,昭輝,-1,-29,41.2,(-1.9%),20
1340,勝悅-KY,-1,-163,6.67,(-1.19%),72
1418,東華,-1,-2,20.5,(-0.97%),40
1459,聯發,-1,115,11.85,(0.42%),160
2227,裕日車,-1,-29,54.1,(-0.55%),21
3164,景岳,-1,-17,18.9,(-0.79%),20
3268,海德威,-1,-19,17.2,(-1.43%),28
3388,崇越電,-1,-30,62.4,(-0.48%),36
3512,皇龍,-1,-127,20.9,(-0.48%),59
3669,圓展,-1,-51,29.9,(0%),38
2461,光群雷,-1,-344,15.35,(0%),226
3308,聯德,-1,-25,15.8,(-0.94%),51
4116,明基醫,-1,-59,47.4,(1.61%),78
2729,瓦城,-1,-51,184,(-0.27%),7
3296,勝德,-1,-176,22.05,(2.8%),76
3716,中化控股,-1,25,33.35,(-0.15%),75
4433,興采,-1,-192,21.35,(-0.23%),17
4506,崇友,-1,-94,126.5,(0.8%),49
5299,杰力,-1,-7,72,(0.56%),41
5015,華祺,-1,-65,28.9,(0%),42
6417,韋僑,-1,9,103.5,(-1.43%),83
6523,達爾膚,-1,-99,119.5,(0.42%),24
6534,正瀚-創,-1,-62,106,(-1.85%),48
5230,雷笛克光學,-1,-126,17.35,(-0.57%),72
5292,華懋,-1,-148,149,(0%),21
5529,鉅陞,-1,-21,26.25,(0.38%),34
6525,捷敏-KY,-1,473,80,(2.7%),279
6796,晉弘,-1,15,86,(0.82%),91
6183,關貿,-1,-6,98.5,(0.82%),25
6486,互動,-1,40,75,(0%),41
7780,大研生醫,-1,-366,181,(-1.09%),208
6951,青新-創,-1,-75,74.4,(0.68%),33
4190,佐登-KY,-1,-16,33.3,(-0.6%),15
4561,健椿,-1,-257,36.6,(0.83%),88
6201,亞弘電,-1,-25,56.1,(-0.36%),28
6861,睿生光電,-1,-291,63.9,(-0.62%),213
6906,現觀科,-1,-143,103.5,(1.97%),59
8435,鉅邁,-1,-145,53.6,(-0.37%),31
8938,明安,-1,-196,60.6,(0.83%),273
